{"cameraMode":{"drawMode":0,"name":"Shaded","section":"Shading Mode"},"sceneLighting":true,"audioPlay":false,"sceneViewState":{"m_AlwaysRefresh":false,"showFog":true,"showSkybox":true,"showFlares":true,"showImageEffects":true,"showParticleSystems":true,"showVisualEffectGraphs":true,"m_FxEnabled":true},"in2DMode":false,"pivot":{"x":9.785039901733399,"y":1.2224867343902588,"z":1.8127422332763672},"rotation":{"x":0.06508278846740723,"y":0.7269352674484253,"z":-0.06956785917282105,"w":0.6800678968429565},"size":7.940411567687988,"orthographic":false}