{"cameraMode":{"drawMode":0,"name":"Shaded","section":"Shading Mode"},"sceneLighting":false,"audioPlay":false,"sceneViewState":{"m_AlwaysRefresh":false,"showFog":true,"showSkybox":false,"showFlares":true,"showImageEffects":true,"showParticleSystems":true,"showVisualEffectGraphs":true,"m_FxEnabled":true},"in2DMode":false,"pivot":{"x":-18.450000762939454,"y":4.172325134277344e-7,"z":-0.12839937210083009},"rotation":{"x":-0.19244250655174256,"y":0.11451316624879837,"z":-0.022617414593696595,"w":-0.9743432998657227},"size":2.9923996925354006,"orthographic":true}