{"cameraMode":{"drawMode":0,"name":"Shaded","section":"Shading Mode"},"sceneLighting":false,"audioPlay":false,"sceneViewState":{"m_AlwaysRefresh":false,"showFog":true,"showSkybox":false,"showFlares":true,"showImageEffects":true,"showParticleSystems":true,"showVisualEffectGraphs":true,"m_FxEnabled":true},"in2DMode":false,"pivot":{"x":-34.290000915527347,"y":2.9880001544952394,"z":-3.3384809494018556},"rotation":{"x":-0.21565264463424684,"y":0.11829894781112671,"z":-0.026329509913921357,"w":-0.968921422958374},"size":5.571683883666992,"orthographic":true}