{"cameraMode":{"drawMode":0,"name":"Shaded","section":"Shading Mode"},"sceneLighting":false,"audioPlay":false,"sceneViewState":{"m_AlwaysRefresh":false,"showFog":true,"showSkybox":false,"showFlares":true,"showImageEffects":true,"showParticleSystems":true,"showVisualEffectGraphs":true,"m_FxEnabled":true},"in2DMode":false,"pivot":{"x":-0.010856211185455323,"y":-0.04063326120376587,"z":-0.0001892484724521637},"rotation":{"x":-0.0026625562459230425,"y":0.9972160458564758,"z":-0.05990505963563919,"w":-0.04432258382439613},"size":0.5923922061920166,"orthographic":false}