{"cameraMode":{"drawMode":0,"name":"Shaded","section":"Shading Mode"},"sceneLighting":false,"audioPlay":false,"sceneViewState":{"m_AlwaysRefresh":false,"showFog":true,"showSkybox":false,"showFlares":true,"showImageEffects":true,"showParticleSystems":true,"showVisualEffectGraphs":true,"m_FxEnabled":true},"in2DMode":false,"pivot":{"x":3.4119009971618654,"y":2.9870059490203859,"z":-0.821971595287323},"rotation":{"x":0.026844795793294908,"y":-0.6275627017021179,"z":0.021659620106220247,"w":0.7778028249740601},"size":0.9578498005867004,"orthographic":false}